"priority","status","iam_prefix","service","reviewed_on","evidence","notes"
"P0","validated","account","AWS Account Management","2026-09-08","Existing live-validation registry and regression coverage: account:GetContactInformation.","Reconciled from tested evidence already documented in HackTricks: aws-services/aws-account-management-enum.md. No infrastructure was created by this tracker reconciliation."
"P0","blocked","account-access","Account access manager","2026-09-08","","Management-account lab has no IAM Identity Center instance; enabling the organization-wide prerequisite solely for this test would exceed safe reversible scope."
"P0","validated","acm","AWS Certificate Manager","2026-09-08","ExportCertificate alone returned an encrypted private key for a synthetic export-enabled public certificate; the caller-chosen passphrase decrypted it and its public key exactly matched the issued certificate.","The candidate was denied ListCertificates and a no-permission control was denied export. Requires a known ARN and an exportable certificate; existing non-exportable and imported certificates are not made exportable by this action. The exact DNS validation CNAME and certificate were deleted and both users, every key, and policy were removed; inventories were empty."
"P0","blocked","acm-pca","AWS Private Certificate Authority","2026-09-08","","The authorized region has no existing private CA. A new CA remains in a restorable DELETED state for a mandatory 7-30 days, so the mTLS issuance hypothesis cannot satisfy same-session permanent cleanup. No CA was created."
"P0","validated","apigateway","Amazon API Gateway Management / Amazon API Gateway Management V2","2026-09-08","apigateway:PATCH alone redirected an existing HTTP API AWS_PROXY integration under a $default auto-deploy stage; the next request's body, bearer token, and custom sensitive header reached the synthetic collector.","The benign baseline produced no proof. A no-permission update and direct collector-Lambda invocation were denied. No deployment permission, execution role, or iam:PassRole was used; requires a mutable integration, an auto-deploy stage, and an attacker-reachable or resource-policy-authorized target."
"P0","validated","appstream","Amazon AppStream 2.0","2026-09-08","Existing live-validation registry and regression coverage: appstream:CreateStreamingURL.","Reconciled from tested evidence already documented in HackTricks: aws-services/aws-workspaces-enum.md. No infrastructure was created by this tracker reconciliation."
"P0","validated","athena","Amazon Athena","2026-09-08","Existing live-validation registry and regression coverage: athena:GetQueryExecution.","Reconciled from tested evidence already documented in HackTricks: aws-services/aws-s3-athena-and-glacier-enum.md. No infrastructure was created by this tracker reconciliation."
"P0","validated","autoscaling","Amazon EC2 Auto Scaling","2026-09-08","Existing live-validation registry and regression coverage: autoscaling:DescribeLaunchConfigurations.","Reconciled from tested evidence already documented in HackTricks: aws-services/aws-ec2-ebs-elb-ssm-vpc-and-vpn-enum/README.md. No infrastructure was created by this tracker reconciliation."
"P0","validated","backup","AWS Backup","2026-09-08","HackTricks: aws-backup-post-exploitation","Validated restore plus PassRole, vault-policy self-grant and deletion, and direct S3 recovery-point reads through Backup Access Points."
"P0","validated","batch","AWS Batch","2026-09-08","Existing live-validation registry and regression coverage: batch:DescribeJobDefinitions.","Reconciled from tested evidence already documented in HackTricks: aws-services/aws-batch-enum.md. No infrastructure was created by this tracker reconciliation."
"P0","validated","bedrock","Amazon Bedrock","2026-09-08","Existing live-validation registry and regression coverage: bedrock:Retrieve.","Reconciled from tested evidence already documented in HackTricks: aws-services/aws-bedrock-enum.md. No infrastructure was created by this tracker reconciliation."
"P0","validated","bedrock-agentcore","Amazon Bedrock Agentcore","2026-09-08","Existing live-validation registry and regression coverage: bedrock-agentcore:GetResourceApiKey; bedrock-agentcore:GetWorkloadAccessTokenForUserId.","Reconciled from tested evidence already documented in HackTricks: aws-services/aws-bedrock-enum.md. No infrastructure was created by this tracker reconciliation."
"P0","validated","cloudformation","AWS Cloud Control API / AWS CloudFormation","2026-09-08","Existing live-validation registry and regression coverage: cloudformation:DescribeChangeSet; cloudformation:DescribeStacks; cloudformation:GetTemplate; cloudformation:GetTemplateSummary; cloudformation:ListExports.","Reconciled from tested evidence already documented in HackTricks: aws-services/aws-cloudformation-and-codestar-enum.md. No infrastructure was created by this tracker reconciliation."
"P0","validated","cloudtrail","AWS CloudTrail","2026-09-08","Existing live-validation registry and regression coverage: cloudtrail:LookupEvents.","Reconciled from tested evidence already documented in HackTricks: aws-services/aws-security-and-detection-services/aws-cloudtrail-enum.md. No infrastructure was created by this tracker reconciliation."
"P0","validated","codebuild","AWS CodeBuild","2026-09-08","Existing live-validation registry and regression coverage: codebuild:BatchGetBuilds; codebuild:BatchGetProjects.","Reconciled from tested evidence already documented in HackTricks: aws-privilege-escalation/aws-codebuild-privesc/README.md. No infrastructure was created by this tracker reconciliation."
"P0","validated","codecommit","AWS CodeCommit","2026-09-08","Existing live-validation registry and regression coverage: codecommit:GetBlob; codecommit:GetCommit; codecommit:GetFile; codecommit:GitPull.","Reconciled from tested evidence already documented in HackTricks: aws-services/aws-datapipeline-codepipeline-codebuild-and-codecommit.md. No infrastructure was created by this tracker reconciliation."
"P0","no_new_positive","codeconnections","AWS CodeConnections","2026-09-08","UseConnection is a permissions-only action consumed by integrated services; the current CLI/API exposes no caller-facing token or repository-content operation. No standalone credential or content disclosure path was found.","Five AVAILABLE connections exist, but they are real GitHub/Bitbucket installations and were not consumed or altered. A usable path additionally needs a CodeBuild/CodePipeline or other consumer create/update action and its service-role/PassRole prerequisites, so accepted consumer execution must be tested under that service rather than attributed to UseConnection alone."
"P0","validated","codedeploy","AWS CodeDeploy","2026-09-08","CreateDeployment + enforced GetDeploymentConfig and RegisterApplicationRevision dependencies deployed an attacker-controlled S3 revision to an existing EC2 group; its hook ran as root under the target instance profile without caller iam:PassRole.","Caller was denied Organizations access but read hook output containing uid=0, the instance-role ARN, and organization metadata. Removing each required action denied the request. Requires revision-source control, a reachable group target with the agent, and a useful instance profile or host privilege."
"P0","validated","codepipeline","AWS CodePipeline","2026-09-08","Existing live-validation registry and regression coverage: codepipeline:PollForJobs.","Reconciled from tested evidence already documented in HackTricks: aws-services/aws-datapipeline-codepipeline-codebuild-and-codecommit.md. No infrastructure was created by this tracker reconciliation."
"P0","validated","cognito-identity","Amazon Cognito Identity","2026-09-08","UpdateIdentityPool alone enabled unauthenticated access on a pool with a preattached unauthenticated IAM role; an unsigned caller then obtained temporary role credentials and read an exact private S3 canary.","Unsigned GetId failed before the update, the candidate identity was denied ListIdentityPools, and a no-permission user was denied the update. Requires a known pool ID/name and an existing unauthenticated role assignment; the attacker did not need SetIdentityPoolRoles, PassRole, or IAM read access. The pool, role, bucket/object, users, keys, and policies were deleted; exact inventories returned empty."
"P0","validated","cognito-idp","Amazon Cognito User Pools","2026-09-08","Existing live-validation registry and regression coverage: cognito-idp:AdminGetUser; cognito-idp:DescribeIdentityProvider; cognito-idp:DescribeUserPoolClient; cognito-idp:ListUsers; cognito-idp:ListUsersInGroup.","Reconciled from tested evidence already documented in HackTricks: aws-services/aws-cognito-enum/cognito-user-pools.md. No infrastructure was created by this tracker reconciliation."
"P0","queued","config","AWS Config","","","Hypothesis Q03: test PutRemediationConfigurations + StartRemediationExecution with a preauthorized SSM Automation role and no caller iam:PassRole."
"P0","validated","connect","Amazon Connect","2026-09-08","Existing live-validation registry and regression coverage: connect:GetAttachedFile; connect:GetFederationToken.","Reconciled from tested evidence already documented in HackTricks: aws-services/aws-connect-enum.md. No infrastructure was created by this tracker reconciliation."
"P0","blocked","controltower","AWS Control Tower","2026-09-08","","The authorized account has no landing zone. Creating one is an organization-wide governance mutation rather than an isolated disposable fixture, so no Control Tower attack-path test was run."
"P0","validated","dynamodb","Amazon DynamoDB","2026-09-08","PutResourcePolicy alone let a same-account IAM user name itself in a table policy and read an item canary that was denied before the policy change, without an identity-based GetItem allow.","A no-permission policy update was denied. The proof used an exact table and IAM-user ARN; cross-account access, indexes, streams, backups, and customer-managed KMS authorization have separate constraints."
"P0","validated","ec2","Amazon EC2","2026-09-08","Existing validated reads: DescribeInstanceAttribute and DescribeLaunchTemplateVersions. New live proof: ModifyInstanceAttribute alone replaced a known running instance's security-group set and exposed an HTTP canary that timed out beforehand.","The candidate identity was denied DescribeInstances and a no-permission user was denied modification. The groups path needed no stop/start, network-interface permission, or EC2 read action. The instance reached terminated, its root volume was deleted, and both security groups, IAM users, every key, and policy were deleted; exact inventories returned empty."
"P0","blocked","ec2messages","Amazon Message Delivery Service","2026-09-08","","The current AWS CLI has no ec2messages service model and SSM DescribeInstanceInformation returned no managed nodes. These are agent message-delivery operations; without a managed-node identity and protocol client there is no disposable channel target to test."
"P0","validated","ecs","Amazon Elastic Container Service","2026-09-08","Existing live-validation registry and regression coverage: ecs:DescribeTaskDefinition; ecs:DescribeTasks.","Reconciled from tested evidence already documented in HackTricks: aws-services/aws-ecs-enum.md. No infrastructure was created by this tracker reconciliation."
"P0","validated","eks","Amazon Elastic Kubernetes Service","2026-09-08","CreateAccessEntry plus AssociateAccessPolicy created a STANDARD entry for the attacker and attached AmazonEKSClusterAdminPolicy at cluster scope; the same principal changed from Kubernetes Unauthorized to an observed kubectl auth can-i wildcard yes.","The attacker was denied ListClusters and the no-permission control was denied entry creation. No DescribeCluster, PassRole, node, or workload was used. A second run proved CreateAccessEntry alone cannot use system:masters because EKS rejects system:-prefixed group names. Both clusters, access entries, roles, users, keys, policies, ENIs, and security groups were deleted; exact inventories were empty."
"P0","queued","eks-auth","Amazon EKS Auth","","",""
"P0","validated","elasticloadbalancing","AWS Elastic Load Balancing / AWS Elastic Load Balancing V2","2026-09-08","ModifyListener alone replaced an existing ALB listener's benign fixed response with an external HTTPS redirect; a real HTTP request returned the attacker-selected Location.","The identity was denied DescribeListeners and the no-permission control was denied modification. The test required a known listener ARN but no target group, role, PassRole, or list permission. The listener, ALB, security group, IAM users, every access key, and policy were deleted; exact-prefix inventories returned empty."
"P0","queued","es","Amazon OpenSearch Service","","",""
"P0","validated","events","Amazon EventBridge","2026-09-08","PutTargets attached an existing privileged Lambda to a controlled rule without iam:PassRole; PutEvents then invoked it and returned role-only Organizations data through a proof object.","Lambda's resource policy already trusted each exact rule ARN. PutEvents-only produced no proof; PutTargets-only could attach but could not emit; direct Lambda invocation and Organizations access were denied."
"P0","validated","execute-api","Amazon API Gateway","2026-09-08","Existing live-validation registry and regression coverage: execute-api:Invoke.","Reconciled from tested evidence already documented in HackTricks: aws-services/aws-api-gateway-enum.md. No infrastructure was created by this tracker reconciliation."
"P0","queued","fsx","Amazon FSx","","","Hypothesis Q13: test backup copy/share/restore paths for data access without source filesystem permissions."
"P0","validated","glue","AWS Glue","2026-09-08","Existing live-validation registry and regression coverage: glue:GetConnection; glue:GetJob; glue:GetWorkflowRunProperties.","Reconciled from tested evidence already documented in HackTricks: aws-post-exploitation/aws-glue-post-exploitation/README.md. No infrastructure was created by this tracker reconciliation."
"P0","validated","iam","AWS Identity and Access Management (IAM)","2026-09-08","CreateAccessKey on another IAM user returned working long-term credentials; those credentials successfully called Organizations DescribeOrganization with the target user's permission while the attacking user was denied the same call.","The candidate-only identity had iam:CreateAccessKey on the exact target user; a no-permission control was denied. No ListUsers permission was required. The synthetic users, every access key, and inline policies were deleted and the exact prefix inventory returned empty."
"P0","blocked","identitystore","AWS Identity Store","2026-09-08","","No IAM Identity Center instance or identity store exists in the authorized account. Creating that organization-level prerequisite solely for this test exceeds isolated reversible scope."
"P0","blocked","kms","AWS Key Management Service","2026-09-08","","The authorized region has only AWS-managed keys, which cannot be used for the customer-managed CreateGrant self-grant fixture. A new customer-managed key has a mandatory 7-30 day deletion wait, so no persistent key was created."
"P0","validated","lambda","AWS Lambda","2026-09-08","Existing live-validation registry and regression coverage: lambda:GetFunctionConfiguration; lambda:GetLayerVersion.","Reconciled from tested evidence already documented in HackTricks: aws-privilege-escalation/aws-lambda-privesc/README.md. No infrastructure was created by this tracker reconciliation."
"P0","queued","opensearch","Amazon OpenSearch","","","Hypothesis Q11: test domain access-policy mutation and existing-role execution/data access paths with independent data-plane proof."
"P0","blocked","organizations","AWS Organizations","2026-09-08","","The organization contains only the management account. Cross-account delegation, SCP bypass, account movement, and resource-policy hypotheses cannot produce independent impact without an authorized member account; no organization-wide policy was mutated."
"P0","no_new_positive","pipes","Amazon EventBridge Pipes","2026-09-08","UpdatePipe target replacement was denied on iam:PassRole when the restricted caller supplied the exact execution role already attached to the running pipe.","A no-permission update and direct source-queue read were also denied. The tested same-role target-redirection hypothesis is not a standalone UpdatePipe escalation; combinations that include iam:PassRole remain separately relevant."
"P0","blocked","ram","AWS Resource Access Manager (RAM)","2026-09-08","","The organization has no member account and no independent authorized external consumer. A same-account accepted share would not prove cross-account resource access, so no share was created and no cross-account impact is claimed."
"P0","queued","rds","Amazon RDS","","","Hypothesis Q12: validate unencrypted snapshot sharing/copy/restore as a source-data bypass and enumerate KMS blockers separately."
"P0","queued","rds-db","Amazon RDS IAM Authentication","","",""
"P0","queued","redshift","Amazon Redshift","","",""
"P0","queued","redshift-data","Amazon Redshift Data API","","",""
"P0","no_new_positive","resource-groups","AWS Resource Groups","2026-09-08","No high-impact standalone technique: group membership is metadata and did not convey access to a private member resource. ListGroupResources alone could not enumerate tag- or CloudFormation-backed membership because those query types require tag:GetResources or CloudFormation read permissions.","GroupResources supports only HostManagement, CapacityReservationPool, and ApplicationGroup types, not arbitrary generic groups. Two synthetic buckets, one stack, two groups, four users, every key, and policies were deleted; exact Resource Groups, CloudFormation, S3, and IAM inventories returned empty."
"P0","validated","rolesanywhere","AWS Identity and Access Management Roles Anywhere","2026-09-08","UpdateTrustAnchor alone replaced an existing certificate-bundle CA; a certificate rejected before the update then obtained target-role credentials and returned Organizations data.","No-permission update control and direct Organizations call were denied. Requires an active profile naming the role, a Roles Anywhere role trust, and certificate attributes accepted by any trust-policy conditions."
"P0","validated","route53","Amazon Route 53","2026-09-08","ChangeResourceRecordSets alone changed an existing A record in a known hosted zone; after propagation the zone's public authoritative name server returned the attacker-selected address.","The candidate identity was denied ListHostedZones and the no-permission control was denied record mutation. The action requires a known hosted-zone ID and record details but no Route 53 list permission. The synthetic record, hosted zone, IAM users, every access key, and inline policy were deleted; exact-prefix inventories returned empty."
"P0","validated","route53domains","Amazon Route 53 Domains","2026-09-08","GetDomainDetail alone returned 33 nonempty registrant, administrative, and technical contact fields plus domain status for a known registered domain while ListDomains was denied.","A no-permission user was denied the same read. No contact value was printed or persisted and the domain was not mutated. AWS authorized this action against Resource *, not a per-domain ARN. Both disposable users, every access key, and the policy were deleted; the exact IAM prefix inventory returned empty."
"P0","validated","s3","Amazon S3","2026-09-08","Existing live-validation registry and regression coverage: s3:CreateAccessPoint; s3:GetAccessPoint; s3:GetDataAccess; s3:PutAccessPointPolicy.","Reconciled from tested evidence already documented in HackTricks: aws-post-exploitation/aws-backup-post-exploitation/README.md; aws-services/aws-s3-athena-and-glacier-enum.md. No infrastructure was created by this tracker reconciliation."
"P0","blocked","s3-object-lambda","Amazon S3 Object Lambda","2026-09-08","","CreateAccessPointForObjectLambda was explicitly denied because Object Lambda is available only to existing customers already using it and selected APN partners. The account has no existing Object Lambda access point, so the policy self-grant/data-path hypothesis cannot be tested. Supporting bucket/access point, Lambda version, role, object, users, keys, policies, and local ZIP/source were deleted; exact inventories were empty."
"P0","validated","sagemaker","Amazon SageMaker","2026-09-08","UpdateNotebookInstanceLifecycleConfig alone replaced the OnStart script of a lifecycle configuration already attached to a stopped notebook; the next administrator start ran it as root under the notebook execution role and returned role-only Organizations data.","The updater lacked iam:PassRole and notebook start/stop permissions. The benign lifecycle produced no proof; a no-permission update control and direct Organizations call were denied. Requires an attached lifecycle configuration and a later notebook start."
"P0","blocked","sagemaker-geospatial","Amazon SageMaker geospatial capabilities","2026-09-08","","The service is reachable in us-west-2 but ListEarthObservationJobs returned empty; eu-west-1 returned an authorization/service-resolution error. Job data/export hypotheses need a synthetic geospatial job, source collection, and execution role, none of which exists in the authorized account."
"P0","no_new_positive","scheduler","Amazon EventBridge Scheduler","2026-09-08","UpdateSchedule target replacement was denied on iam:PassRole when the restricted caller supplied the exact execution role already stored on the enabled schedule.","A no-permission update and direct read from the original target queue were also denied. The tested same-role redirection is not a standalone UpdateSchedule escalation; combinations that include iam:PassRole remain separately relevant."
"P0","validated","secretsmanager","AWS Secrets Manager","2026-09-08","PutResourcePolicy alone let a same-account IAM user name itself in the secret policy and read a canary that was denied before the policy change, without an identity-based GetSecretValue allow.","A no-permission policy update was denied. The test used the AWS-managed Secrets Manager key and an exact IAM-user principal; cross-account access and customer-managed KMS keys require their separate identity and key-policy permissions."
"P0","validated","signer","AWS Signer","2026-09-08","StartSigningJob signed attacker-controlled Lambda code with the exact profile version trusted by an enforcing Code Signing Config; UpdateFunctionCode then ran it under the existing function role without iam:PassRole.","Unsigned deployment was blocked; missing StartSigningJob and missing UpdateFunctionCode controls denied. Minimum observed dependencies included lambda:GetCodeSigningConfig plus scoped S3 ListBucket/GetObjectVersion/PutObject/GetObject."
"P0","validated","sns","Amazon SNS","2026-09-08","SetTopicAttributes alone replaced an exact topic policy and granted a same-account IAM user Subscribe; the user then created an SQS subscription and received a later topic canary without an identity-based Subscribe allow.","The before-policy subscription and a no-permission policy update were denied. Requires an accepted delivery endpoint; the lab used a queue policy restricted to the exact topic ARN and did not expose data outside the test account."
"P0","validated","sqs","Amazon SQS","2026-09-08","SetQueueAttributes alone let a same-account IAM user replace an exact queue policy and receive a message canary that was denied before the policy change, without an identity-based ReceiveMessage allow.","A no-permission attribute update was denied. Requires a known queue URL in the owner account and an accepted fixed-principal policy; the setter can also alter redrive, retention, delay, encryption, and other security-relevant attributes."
"P0","validated","ssm","AWS Systems Manager","2026-09-08","StartAutomationExecution alone ran an administrator-authored runbook with a constant embedded assumeRole and returned Organizations output although the caller lacked iam:PassRole and direct Organizations access.","GetAutomationExecution was optional: a start-only session was denied the read but the execution still succeeded. Runtime-supplied AutomationAssumeRole parameters can have different pass-role checks; requires access to a useful preauthorized runbook."
"P0","blocked","ssmmessages","Amazon Message Gateway Service","2026-09-08","","The current AWS CLI has no ssmmessages service model and SSM DescribeInstanceInformation returned no managed nodes. OpenControlChannel/OpenDataChannel require agent/session channel material; without a managed node and StartSession stream token, an IAM action alone cannot be impact-tested."
"P0","blocked","sso","AWS IAM Identity Center","2026-09-08","","sso-admin ListInstances returned empty. Permission-set and account-assignment escalation needs an existing instance and independently testable member account; enabling the organization-wide prerequisite is outside isolated reversible scope."
"P0","blocked","sso-directory","AWS IAM Identity Center directory","2026-09-08","","No IAM Identity Center instance or backing directory exists. The directory APIs therefore have no authorized disposable target, and enabling Identity Center solely for testing is an organization-wide mutation."
"P0","validated","states","AWS Step Functions","2026-09-08","Existing live-validation registry and regression coverage: states:DescribeExecution; states:DescribeStateMachine; states:GetActivityTask; states:GetExecutionHistory.","Reconciled from tested evidence already documented in HackTricks: aws-post-exploitation/aws-stepfunctions-post-exploitation/README.md. No infrastructure was created by this tracker reconciliation."
"P0","blocked","storagegateway","AWS Storage Gateway","2026-09-08","","ListGateways returned empty. A useful target requires deploying and activating a gateway appliance plus backing storage; no existing disposable gateway was available, so credential/cache/share hypotheses remain unclaimed."
"P0","validated","sts","AWS Security Token Service","2026-09-08","Existing live-tested evidence: GetFederationToken minted a separate temporary access key, secret, and session token for the current IAM user's intersected authority; it was classified High rather than Critical because it cannot exceed that user.","Reconciled from the live-tested registry introduced in commit 46c3d77 and the dedicated aws-privilege-escalation/aws-sts-privesc/README.md procedure. The current review did not mint another unrevokable STS session. AssumeRole variants remain dependent on target trust and token/provider prerequisites."
"P0","no_new_positive","tag","Amazon Resource Group Tagging API","2026-09-08","TagResources alone could not alter a synthetic Secrets Manager resource tag: the API returned HTTP success but FailedResourcesMap reported AccessDeniedException and the original tag remained unchanged.","AWS requires both tag:TagResources and the resource service's own tagging permission. The service-specific action already changes the tag directly, so the generic action did not create an independent ABAC bypass. Both synthetic secrets, users, every access key, and policies from the conditional-read and isolated-negative runs were deleted; exact inventories returned empty."
"P0","blocked","workspaces","Amazon WorkSpaces","2026-09-08","","No Directory Service directory, registered WorkSpaces directory, or WorkSpace exists in the authorized region. Creating the directory prerequisite solely for this review is not a small isolated fixture."
"P0","blocked","workspaces-web","Amazon WorkSpaces Secure Browser","2026-09-08","","ListPortals returned empty. Authentication, network-settings, trust-store, and portal mutation paths need an existing configured portal and identity provider; no disposable target exists and no production portal was touched."
"P1","queued","a2c","AWS App2Container","","",""
"P1","queued","access-analyzer","AWS IAM Access Analyzer","","",""
"P1","queued","aco-automation","AWS Compute Optimizer Automation","","",""
"P1","queued","agentaccess-mcp","Amazon WorkSpaces AgentAccess MCP Server","","",""
"P1","queued","airflow","Amazon Managed Workflows for Apache Airflow","","",""
"P1","queued","airflow-serverless","AWS MWAA Serverless","","",""
"P1","validated","amplify","AWS Amplify","2026-09-08","Existing live-validation registry and regression coverage: amplify:GetApp; amplify:GetArtifactUrl; amplify:GetJob.","Reconciled from tested evidence already documented in HackTricks: aws-privilege-escalation/aws-amplify-privesc/README.md. No infrastructure was created by this tracker reconciliation."
"P1","queued","amplifybackend","AWS Amplify Admin","","",""
"P1","queued","amplifyuibuilder","AWS Amplify UI Builder","","",""
"P1","queued","aoss","Amazon OpenSearch Serverless","","",""
"P1","queued","app-integrations","Amazon AppIntegrations","","",""
"P1","queued","application-autoscaling","AWS Application Auto Scaling","","",""
"P1","queued","application-signals","Amazon CloudWatch Application Signals","","",""
"P1","queued","application-signals-mcp","Amazon CloudWatch Application Signals MCP Server","","",""
"P1","queued","application-transformation","AWS Application Transformation Service","","",""
"P1","queued","applicationinsights","Amazon CloudWatch Application Insights","","",""
"P1","queued","apprunner","AWS App Runner","","",""
"P1","validated","appsync","AWS AppSync","2026-09-08","Existing live-validation registry and regression coverage: appsync:GraphQL; appsync:ListApiKeys.","Reconciled from tested evidence already documented in HackTricks: aws-services/aws-appsync-enum.md. No infrastructure was created by this tracker reconciliation."
"P1","queued","apptest","AWS Mainframe Modernization Application Testing","","",""
"P1","queued","aps","Amazon Managed Service for Prometheus","","",""
"P1","queued","arc-zonal-shift","Amazon Application Recovery Controller - Zonal Shift","","",""
"P1","queued","arsenal","Application Discovery Arsenal","","",""
"P1","queued","artifact","AWS Artifact","","",""
"P1","queued","auditmanager","AWS Audit Manager","","",""
"P1","queued","aws-marketplace","AWS Marketplace / AWS Marketplace Catalog / AWS Marketplace Deployment Service / AWS Marketplace Discovery / AWS Marketplace Entitlement Service / AWS Marketplace Image Building Service / AWS Marketplace Metering Service / AWS Marketplace Private Marketplace / AWS Marketplace Procurement Systems Integration / AWS Marketplace Reporting / AWS Marketplace Seller Reporting","","",""
"P1","queued","aws-marketplace-management","AWS Marketplace Management Portal","","",""
"P1","queued","b2bi","AWS B2B Data Interchange","","",""
"P1","queued","backup-gateway","AWS Backup Gateway","","",""
"P1","queued","backup-search","AWS Backup Search","","",""
"P1","queued","backup-storage","AWS Backup storage","","",""
"P1","queued","bcm-data-exports","AWS Billing And Cost Management Data Exports","","",""
"P1","queued","billing","AWS Billing","","",""
"P1","queued","budgets","AWS Budget Service","","",""
"P1","validated","ce","AWS Cost Explorer Service","2026-09-08","Existing live-validation registry and regression coverage: ce:GetCostAndUsage.","Reconciled from tested evidence already documented in HackTricks: aws-services/aws-security-and-detection-services/aws-cost-explorer-enum.md. No infrastructure was created by this tracker reconciliation."
"P1","validated","chime","Amazon Chime","2026-09-08","Existing live-validation registry and regression coverage: chime:GetChannelMessage; chime:ListChannelMessages.","Reconciled from tested evidence already documented in HackTricks: aws-services/aws-chime-sdk-enum.md. No infrastructure was created by this tracker reconciliation."
"P1","queued","clouddirectory","Amazon Cloud Directory","","",""
"P1","validated","cloudfront","Amazon CloudFront","2026-09-08","Existing live-validation registry and regression coverage: cloudfront:GetDistribution; cloudfront:GetDistributionConfig; cloudfront:GetFunction; cloudfront:ListDistributions.","Reconciled from tested evidence already documented in HackTricks: aws-services/aws-cloudfront-enum.md. No infrastructure was created by this tracker reconciliation."
"P1","queued","cloudtrail-data","AWS CloudTrail Data","","",""
"P1","queued","cloudwatch","Amazon CloudWatch","","",""
"P1","validated","codeartifact","AWS CodeArtifact","2026-09-08","Existing live-validation registry and regression coverage: codeartifact:GetPackageVersionAsset.","Reconciled from tested evidence already documented in HackTricks: aws-services/aws-codeartifact-enum.md. No infrastructure was created by this tracker reconciliation."
"P1","queued","codecatalyst","Amazon CodeCatalyst","","",""
"P1","queued","codeguru-security","Amazon CodeGuru Security","","",""
"P1","queued","compute-optimizer","AWS Compute Optimizer","","",""
"P1","queued","cur","AWS Cost and Usage Report","","",""
"P1","queued","dataexchange","AWS Data Exchange","","",""
"P1","queued","datapipeline","AWS Data Pipeline","","",""
"P1","queued","datasync","AWS DataSync","","",""
"P1","validated","datazone","Amazon DataZone","2026-09-08","Existing live-validation registry and regression coverage: datazone:GetEnvironmentCredentials.","Reconciled from tested evidence already documented in HackTricks: aws-services/aws-datazone-enum.md. No infrastructure was created by this tracker reconciliation."
"P1","queued","dbqms","Database Query Metadata Service","","",""
"P1","queued","detective","Amazon Detective","","",""
"P1","queued","discovery","AWS Application Discovery Service","","",""
"P1","queued","dlm","Amazon Data Lifecycle Manager","","",""
"P1","queued","dms","AWS Database Migration Service","","",""
"P1","queued","docdb-elastic","Amazon DocumentDB Elastic Clusters","","",""
"P1","queued","ds","AWS Directory Service","","",""
"P1","queued","ds-data","AWS Directory Service Data","","",""
"P1","validated","ecr","Amazon Elastic Container Registry","2026-09-08","Existing live-validation registry and regression coverage: ecr:GetDownloadUrlForLayer.","Reconciled from tested evidence already documented in HackTricks: aws-post-exploitation/aws-ecr-post-exploitation/README.md. No infrastructure was created by this tracker reconciliation."
"P1","queued","ecr-public","Amazon Elastic Container Registry Public","","",""
"P1","queued","elasticache","Amazon ElastiCache","","",""
"P1","queued","elasticbeanstalk","AWS Elastic Beanstalk","","",""
"P1","queued","elasticmapreduce","Amazon Elastic MapReduce","","",""
"P1","queued","emr-containers","Amazon EMR on EKS (EMR Containers)","","",""
"P1","validated","emr-serverless","Amazon EMR Serverless","2026-09-08","Existing live-validation registry and regression coverage: emr-serverless:GetApplication; emr-serverless:GetJobRun.","Reconciled from tested evidence already documented in HackTricks: aws-services/aws-emr-enum.md. No infrastructure was created by this tracker reconciliation."
"P1","queued","firehose","Amazon Kinesis Firehose","","",""
"P1","queued","grafana","Amazon Managed Grafana","","",""
"P1","validated","greengrass","AWS IoT Greengrass / AWS IoT Greengrass V2","2026-09-08","Existing live-validation registry and regression coverage: greengrass:GetComponentVersionArtifact.","Reconciled from tested evidence already documented in HackTricks: aws-services/aws-greengrass-enum.md. No infrastructure was created by this tracker reconciliation."
"P1","queued","guardduty","Amazon GuardDuty","","",""
"P1","queued","health","AWS Health APIs and Notifications","","",""
"P1","queued","identity-sync","AWS Identity Sync","","",""
"P1","queued","identitystore-auth","AWS Identity Store Auth","","",""
"P1","validated","imagebuilder","Amazon EC2 Image Builder","2026-09-08","CreateComponent published v2 beneath a recipe's x.x.x component reference; StartImagePipelineExecution resolved v2 and ran it under the existing instance profile without iam:PassRole or pipeline-update access.","Caller was denied Organizations access but retrieved build output containing the instance-role ARN and organization metadata. Removing either action denied its operation. Requires a wildcard component reference, writable component name, runnable pipeline, and useful instance-profile privilege."
"P1","queued","inspector2","Amazon Inspector2","","",""
"P1","validated","iot","AWS IoT","2026-09-08","Existing live-validation registry and regression coverage: iot:Connect; iot:GetThingShadow; iot:Receive; iot:Subscribe.","Reconciled from tested evidence already documented in HackTricks: aws-services/aws-iot-core-enum.md. No infrastructure was created by this tracker reconciliation."
"P1","queued","iotanalytics","AWS IoT Analytics","","",""
"P1","queued","iotevents","AWS IoT Events","","",""
"P1","queued","iotfleethub","AWS IoT Fleet Hub for Device Management","","",""
"P1","queued","iotfleetwise","AWS IoT FleetWise","","",""
"P1","queued","iotmanagedintegrations","AWS IoT Managed Integrations","","",""
"P1","validated","iotwireless","AWS IoT Wireless","2026-09-08","Existing live-validation registry and regression coverage: iotwireless:GetWirelessDevice.","Reconciled from tested evidence already documented in HackTricks: aws-services/aws-iot-wireless-enum.md. No infrastructure was created by this tracker reconciliation."
"P1","queued","kafka","Amazon Managed Streaming for Apache Kafka","","",""
"P1","queued","kafka-cluster","Apache Kafka APIs for Amazon MSK clusters","","",""
"P1","validated","kinesis","Amazon Kinesis Data Streams","2026-09-08","Existing live-validation registry and regression coverage: kinesis:GetRecords.","Reconciled from tested evidence already documented in HackTricks: aws-services/aws-kinesis-data-streams-enum.md. No infrastructure was created by this tracker reconciliation."
"P1","validated","kinesisanalytics","Amazon Kinesis Analytics / Amazon Kinesis Analytics V2","2026-09-08","Existing live-validation registry and regression coverage: kinesisanalytics:DescribeApplication.","Reconciled from tested evidence already documented in HackTricks: aws-services/aws-managed-flink-enum.md. No infrastructure was created by this tracker reconciliation."
"P1","validated","kinesisvideo","Amazon Kinesis Video Streams","2026-09-08","Existing live-validation registry and regression coverage: kinesisvideo:GetClip; kinesisvideo:GetDASHStreamingSessionURL; kinesisvideo:GetHLSStreamingSessionURL; kinesisvideo:GetImages; kinesisvideo:GetMedia; kinesisvideo:GetMediaForFragmentList.","Reconciled from tested evidence already documented in HackTricks: aws-services/aws-kinesis-video-streams-enum.md. No infrastructure was created by this tracker reconciliation."
"P1","validated","lex","Amazon Lex / Amazon Lex V2","2026-09-08","Existing live-validation registry and regression coverage: lex:CreateExport; lex:DescribeExport.","Reconciled from tested evidence already documented in HackTricks: aws-services/aws-lex-v2-enum.md. No infrastructure was created by this tracker reconciliation."
"P1","queued","lightsail","Amazon Lightsail","","",""
"P1","validated","logs","Amazon CloudWatch Logs","2026-09-08","Existing live-validation registry and regression coverage: logs:FilterLogEvents; logs:GetLogEvents; logs:GetLogRecord; logs:GetQueryResults.","Reconciled from tested evidence already documented in HackTricks: aws-services/aws-security-and-detection-services/aws-cloudwatch-enum.md. No infrastructure was created by this tracker reconciliation."
"P1","queued","machinelearning","Amazon Machine Learning","","",""
"P1","queued","macie2","Amazon Macie","","",""
"P1","queued","marketplacecommerceanalytics","AWS Marketplace Commerce Analytics Service","","",""
"P1","queued","mediaconvert","AWS Elemental MediaConvert","","",""
"P1","queued","mediapackage","AWS Elemental MediaPackage","","",""
"P1","queued","mediastore","AWS Elemental MediaStore","","",""
"P1","queued","mediatailor","AWS Elemental MediaTailor","","",""
"P1","queued","memorydb","Amazon MemoryDB","","",""
"P1","queued","mgn","AWS Application Migration Service","","",""
"P1","queued","mobileanalytics","Amazon Mobile Analytics","","",""
"P1","queued","neptune-db","Amazon Neptune","","",""
"P1","queued","neptune-graph","Amazon Neptune Analytics","","",""
"P1","queued","network-firewall","AWS Network Firewall","","",""
"P1","queued","network-security-director","AWS Shield network security director","","",""
"P1","queued","networkflowmonitor","Network Flow Monitor","","",""
"P1","queued","networkmanager","AWS Network Manager","","",""
"P1","queued","networkmanager-chat","AWS Network Manager Chat","","",""
"P1","queued","networkmonitor","Amazon CloudWatch Network Synthetic Monitor","","",""
"P1","queued","oam","Amazon CloudWatch Observability Access Manager","","",""
"P1","queued","odb","AWS Service - Oracle Database@AWS","","",""
"P1","queued","opsworks","AWS OpsWorks","","",""
"P1","queued","opsworks-cm","AWS OpsWorks Configuration Management","","",""
"P1","queued","pca-connector-ad","AWS Private CA Connector for Active Directory","","",""
"P1","queued","polly","Amazon Polly","","",""
"P1","queued","private-networks","AWS service providing managed private networks","","",""
"P1","queued","proton","AWS Proton","","",""
"P1","queued","qapps","Amazon Q Business Q Apps","","",""
"P1","queued","qbusiness","Amazon Q Business","","",""
"P1","queued","quicksight","Amazon QuickSight","","",""
"P1","queued","rds-data","Amazon RDS Data API","","",""
"P1","queued","redshift-serverless","Amazon Redshift Serverless","","",""
"P1","queued","resource-explorer-2","AWS Resource Explorer","","",""
"P1","validated","rum","AWS CloudWatch RUM","2026-09-08","Existing live-validation registry and regression coverage: rum:GetAppMonitorData.","Reconciled from tested evidence already documented in HackTricks: aws-services/aws-security-and-detection-services/aws-cloudwatch-enum.md. No infrastructure was created by this tracker reconciliation."
"P1","queued","sagemaker-data-science-assistant","Amazon SageMaker data science assistant","","",""
"P1","queued","security-ir","AWS Security Incident Response","","",""
"P1","queued","securityagent","AWS Security Agent","","",""
"P1","queued","securityhub","AWS Security Hub","","",""
"P1","queued","securitylake","Amazon Security Lake","","",""
"P1","queued","serverlessrepo","AWS Serverless Application Repository","","",""
"P1","validated","servicecatalog","AWS Service Catalog","2026-09-08","CreateProvisioningArtifact + ProvisionProduct executed an attacker-controlled CloudFormation artifact under an existing launch-constraint role without caller iam:PassRole; both missing-permission controls denied.","Requires control of a non-shared product artifact source, portfolio access, and a launch role capable of the template's actions. DisableTemplateValidation=true removed cloudformation:ValidateTemplate from the minimum caller chain."
"P1","validated","ses","Amazon Pinpoint Email Service / Amazon SES / Amazon Simple Email Service - Mail Manager / Amazon Simple Email Service v2","2026-09-08","Existing live-validation registry and regression coverage: ses:GetEmailTemplate; ses:GetSuppressedDestination; ses:ListSuppressedDestinations.","Reconciled from tested evidence already documented in HackTricks: aws-services/aws-ses-enum.md. No infrastructure was created by this tracker reconciliation."
"P1","queued","shield","AWS Shield","","",""
"P1","queued","sms-voice","AWS End User Messaging SMS and Voice V2 / Amazon Pinpoint SMS and Voice Service","","",""
"P1","queued","snowball","AWS Snowball","","",""
"P1","queued","social-messaging","AWS End User Messaging Social","","",""
"P1","queued","sso-oauth","AWS IAM Identity Center OIDC service","","",""
"P1","queued","support","AWS Support","","",""
"P1","queued","swf","Amazon Simple Workflow Service","","",""
"P1","queued","synthetics","Amazon CloudWatch Synthetics","","",""
"P1","queued","thinclient","Amazon WorkSpaces Thin Client","","",""
"P1","queued","timestream","Amazon Timestream","","",""
"P1","queued","timestream-influxdb","Amazon Timestream InfluxDB","","",""
"P1","queued","tnb","AWS Telco Network Builder","","",""
"P1","validated","transcribe","Amazon Transcribe","2026-09-08","Existing live-validation registry and regression coverage: transcribe:GetTranscriptionJob.","Reconciled from tested evidence already documented in HackTricks: aws-services/aws-transcribe-enum.md. No infrastructure was created by this tracker reconciliation."
"P1","queued","transfer","AWS Transfer Family","","",""
"P1","validated","translate","Amazon Translate","2026-09-08","Existing live-validation registry and regression coverage: translate:GetParallelData; translate:GetTerminology.","Reconciled from tested evidence already documented in HackTricks: aws-services/aws-translate-enum.md. No infrastructure was created by this tracker reconciliation."
"P1","queued","trustedadvisor","AWS Trusted Advisor","","",""
"P1","queued","verifiedpermissions","Amazon Verified Permissions","","",""
"P1","queued","vpc-lattice","Amazon VPC Lattice","","",""
"P1","queued","wafv2","AWS WAF V2","","",""
"P1","queued","wam","Amazon WorkSpaces Application Manager","","",""
"P1","queued","wickr","AWS Wickr","","",""
"P1","queued","workdocs","Amazon WorkDocs","","",""
"P1","queued","workmail","Amazon WorkMail","","",""
"P1","queued","workmailmessageflow","Amazon WorkMail Message Flow","","",""
"P1","queued","workspaces-instances","AWS WorkSpaces Managed Instances","","",""
"P1","queued","xray","AWS X-Ray","","",""
"P2","queued","a4b","Alexa for Business","","",""
"P2","queued","action-recommendations","AWS Action Recommendations","","",""
"P2","queued","activate","AWS Activate","","",""
"P2","queued","agent-registry","AWS Agent Registry","","",""
"P2","queued","aidevops","AWS DevOps Agent Service","","",""
"P2","queued","aiops","Amazon AI Operations","","",""
"P2","validated","appconfig","AWS AppConfig","2026-09-08","Existing live-validation registry and regression coverage: appconfig:GetHostedConfigurationVersion; appconfig:GetLatestConfiguration; appconfig:StartConfigurationSession.","Reconciled from tested evidence already documented in HackTricks: aws-services/aws-appconfig-enum.md. No infrastructure was created by this tracker reconciliation."
"P2","queued","appfabric","AWS AppFabric","","",""
"P2","queued","appflow","Amazon AppFlow","","",""
"P2","queued","appmesh","AWS App Mesh","","",""
"P2","queued","appmesh-preview","AWS App Mesh Preview","","",""
"P2","queued","appstudio","AWS App Studio","","",""
"P2","queued","arc-region-switch","Amazon ARC Region switch","","",""
"P2","queued","autoscaling-plans","AWS Auto Scaling","","",""
"P2","queued","aws-external-anthropic","Claude Platform on AWS","","",""
"P2","queued","aws-portal","AWS Billing Console","","",""
"P2","queued","awsconnector","AWS Connector Service","","",""
"P2","queued","bcm-dashboards","AWS Billing and Cost Management Dashboards","","",""
"P2","queued","bcm-pricing-calculator","AWS Billing And Cost Management Pricing Calculator","","",""
"P2","queued","bcm-recommended-actions","AWS Billing And Cost Management Recommended Actions","","",""
"P2","queued","bedrock-mantle","Amazon Bedrock Powered by AWS Mantle","","",""
"P2","queued","bedrock-websearch","Amazon Bedrock Web Search","","",""
"P2","queued","billingconductor","AWS Billing Conductor","","",""
"P2","queued","braket","Amazon Braket","","",""
"P2","queued","bugbust","AWS BugBust","","",""
"P2","queued","cases","Amazon Connect Cases","","",""
"P2","queued","cassandra","Amazon Keyspaces (for Apache Cassandra)","","",""
"P2","queued","chatbot","AWS Chatbot","","",""
"P2","queued","cleanrooms","AWS Clean Rooms","","",""
"P2","queued","cleanrooms-ml","AWS Clean Rooms ML","","",""
"P2","queued","cloud9","AWS Cloud9","","",""
"P2","queued","cloudfront-keyvaluestore","Amazon CloudFront KeyValueStore","","",""
"P2","queued","cloudhsm","AWS CloudHSM","","",""
"P2","queued","cloudsearch","Amazon CloudSearch","","",""
"P2","queued","cloudshell","AWS CloudShell","","",""
"P2","queued","codedeploy-commands-secure","AWS CodeDeploy secure host commands service","","",""
"P2","queued","codeguru","Amazon CodeGuru","","",""
"P2","queued","codeguru-profiler","Amazon CodeGuru Profiler","","",""
"P2","queued","codeguru-reviewer","Amazon CodeGuru Reviewer","","",""
"P2","queued","codestar","AWS CodeStar","","",""
"P2","queued","codestar-connections","AWS CodeStar Connections","","",""
"P2","queued","codestar-notifications","AWS CodeStar Notifications","","",""
"P2","queued","codewhisperer","Amazon CodeWhisperer","","",""
"P2","queued","cognito-sync","Amazon Cognito Sync","","",""
"P2","queued","comprehend","Amazon Comprehend","","",""
"P2","queued","comprehendmedical","Amazon Comprehend Medical","","",""
"P2","queued","connect-campaigns","Amazon Connect Outbound Campaigns","","",""
"P2","queued","consoleapp","AWS Console Mobile App","","",""
"P2","queued","consolidatedbilling","AWS Consolidated Billing","","",""
"P2","queued","controlcatalog","AWS Control Catalog","","",""
"P2","queued","cost-optimization-hub","AWS Cost Optimization Hub","","",""
"P2","queued","customer-verification","AWS Customer Verification Service","","",""
"P2","queued","databrew","AWS Glue DataBrew","","",""
"P2","queued","dax","Amazon DynamoDB Accelerator (DAX)","","",""
"P2","validated","deadline","AWS Deadline Cloud","2026-09-08","Existing live-validation registry and regression coverage: deadline:AssumeQueueRoleForRead; deadline:AssumeQueueRoleForUser.","Reconciled from tested evidence already documented in HackTricks: aws-services/aws-deadline-cloud-enum.md. No infrastructure was created by this tracker reconciliation."
"P2","queued","devicefarm","AWS Device Farm","","",""
"P2","queued","devops-guru","Amazon DevOps Guru","","",""
"P2","queued","directconnect","AWS Direct Connect","","",""
"P2","queued","drs","AWS Elastic Disaster Recovery","","",""
"P2","queued","dsql","Amazon Aurora DSQL","","",""
"P2","validated","ebs","Amazon Elastic Block Store","2026-09-08","Existing live-validation registry and regression coverage: ebs:GetSnapshotBlock.","Reconciled from tested evidence already documented in HackTricks: aws-privilege-escalation/aws-ebs-privesc/README.md. No infrastructure was created by this tracker reconciliation."
"P2","queued","ec2-instance-connect","Amazon EC2 Instance Connect","","",""
"P2","queued","ecs-mcp","Amazon ECS MCP Service","","",""
"P2","queued","eks-mcp","Amazon EKS MCP Server","","",""
"P2","queued","elasticfilesystem","Amazon Elastic File System","","",""
"P2","queued","elastictranscoder","Amazon Elastic Transcoder","","",""
"P2","queued","elemental-activations","AWS Elemental Appliances and Software Activation Service","","",""
"P2","queued","elemental-appliances-software","AWS Elemental Appliances and Software","","",""
"P2","queued","elemental-inference","AWS Elemental Inference","","",""
"P2","queued","elemental-support-cases","AWS Elemental Support Cases","","",""
"P2","queued","elemental-support-content","AWS Elemental Support Content","","",""
"P2","queued","entityresolution","AWS Entity Resolution","","",""
"P2","queued","eventsbilltoaws","AWS reInvent event pass amount charge to customer AWS account","","",""
"P2","queued","evidently","Amazon CloudWatch Evidently","","",""
"P2","queued","evs","Amazon Elastic VMware Service","","",""
"P2","queued","finops-agent","AWS FinOps Agent","","",""
"P2","queued","finspace","Amazon FinSpace","","",""
"P2","queued","finspace-api","Amazon FinSpace API","","",""
"P2","queued","fis","AWS Fault Injection Service","","",""
"P2","queued","fms","AWS Firewall Manager","","",""
"P2","queued","forecast","Amazon Forecast","","",""
"P2","queued","frauddetector","Amazon Fraud Detector","","",""
"P2","queued","freertos","Amazon FreeRTOS","","",""
"P2","queued","freetier","AWS Free Tier","","",""
"P2","queued","gamelift","Amazon GameLift Servers","","",""
"P2","queued","gameliftstreams","Amazon GameLift Streams","","",""
"P2","validated","geo","Amazon Location","2026-09-08","Existing live-validation registry and regression coverage: geo:GetDevicePosition; geo:GetDevicePositionHistory.","Reconciled from tested evidence already documented in HackTricks: aws-services/aws-location-service-enum.md. No infrastructure was created by this tracker reconciliation."
"P2","queued","geo-maps","Amazon Location Service Maps","","",""
"P2","queued","geo-places","Amazon Location Service Places","","",""
"P2","queued","geo-routes","Amazon Location Service Routes","","",""
"P2","queued","glacier","Amazon S3 Glacier","","",""
"P2","queued","globalaccelerator","AWS Global Accelerator","","",""
"P2","queued","groundstation","AWS Ground Station","","",""
"P2","queued","groundtruthlabeling","Amazon GroundTruth Labeling","","",""
"P2","queued","health-agent","Amazon Connect Health","","",""
"P2","validated","healthlake","AWS HealthLake","2026-09-08","Existing live-validation registry and regression coverage: healthlake:ReadResource; healthlake:SearchWithGet; healthlake:SearchWithPost.","Reconciled from tested evidence already documented in HackTricks: aws-services/aws-healthlake-enum.md. No infrastructure was created by this tracker reconciliation."
"P2","queued","honeycode","Amazon Honeycode","","",""
"P2","queued","importexport","AWS Import Export Disk Service","","",""
"P2","queued","inspector","Amazon Inspector","","",""
"P2","queued","inspector-scan","Amazon InspectorScan","","",""
"P2","queued","inspector2-telemetry","Amazon Inspector2 Telemetry Channel","","",""
"P2","queued","interconnect","AWS Interconnect","","",""
"P2","queued","internetmonitor","Amazon CloudWatch Internet Monitor","","",""
"P2","validated","invoicing","AWS Invoicing Service","2026-09-08","Existing live-validation registry and regression coverage: invoicing:BatchGetInvoiceProfile; invoicing:GetInvoicePDF; invoicing:ListInvoiceSummaries.","Reconciled from tested evidence already documented in HackTricks: aws-services/aws-invoicing-enum.md. No infrastructure was created by this tracker reconciliation."
"P2","queued","iot-device-tester","AWS IoT Device Tester","","",""
"P2","queued","iotdeviceadvisor","AWS IoT Core Device Advisor","","",""
"P2","queued","iotjobsdata","AWS IoT Jobs DataPlane","","",""
"P2","validated","iotsitewise","AWS IoT SiteWise","2026-09-08","Concurrent live-validation registry and regression coverage: BatchGetAssetPropertyAggregates, BatchGetAssetPropertyValue, BatchGetAssetPropertyValueHistory, GetAssetPropertyAggregates, GetAssetPropertyValue, GetAssetPropertyValueHistory, and GetInterpolatedAssetPropertyValues.","Reconciled from tested evidence already documented in HackTricks: aws-services/aws-iot-sitewise-enum.md. No infrastructure was created by this tracker reconciliation."
"P2","validated","iottwinmaker","AWS IoT TwinMaker","2026-09-08","Concurrent live-validation registry and regression coverage: GetWorkspace, GetComponentType, and GetPropertyValue disclosed TwinMaker workspace/component/property data.","Reconciled from tested evidence already documented in HackTricks: aws-services/aws-iot-twinmaker-enum.md. No infrastructure was created by this tracker reconciliation."
"P2","queued","iq","AWS IQ","","",""
"P2","queued","iq-permission","AWS IQ Permissions","","",""
"P2","queued","ivs","Amazon Interactive Video Service","","",""
"P2","validated","ivschat","Amazon Interactive Video Service Chat","2026-09-08","Existing live-validation registry and regression coverage: ivschat:CreateChatToken.","Reconciled from tested evidence already documented in HackTricks: aws-services/aws-ivs-chat-enum.md. No infrastructure was created by this tracker reconciliation."
"P2","queued","kafkaconnect","Amazon Managed Streaming for Kafka Connect","","",""
"P2","queued","kendra","Amazon Kendra","","",""
"P2","queued","kendra-ranking","Amazon Kendra Intelligent Ranking","","",""
"P2","queued","lakeformation","AWS Lake Formation","","",""
"P2","queued","launchwizard","AWS Launch Wizard","","",""
"P2","queued","license-manager","AWS License Manager","","",""
"P2","queued","license-manager-linux-subscriptions","AWS License Manager Linux Subscriptions Manager","","",""
"P2","queued","license-manager-user-subscriptions","AWS License Manager User Subscriptions","","",""
"P2","queued","lookoutequipment","Amazon Lookout for Equipment","","",""
"P2","queued","lookoutmetrics","Amazon Lookout for Metrics","","",""
"P2","queued","lookoutvision","Amazon Lookout for Vision","","",""
"P2","queued","m2","AWS Mainframe Modernization Service","","",""
"P2","queued","managedblockchain","Amazon Managed Blockchain","","",""
"P2","queued","managedblockchain-query","Amazon Managed Blockchain Query","","",""
"P2","queued","mapcredits","AWS Migration Acceleration Program Credits","","",""
"P2","queued","mechanicalturk","Amazon Mechanical Turk","","",""
"P2","queued","mediaconnect","AWS Elemental MediaConnect","","",""
"P2","queued","mediaimport","AmazonMediaImport","","",""
"P2","queued","medialive","AWS Elemental MediaLive","","",""
"P2","queued","mediapackage-vod","AWS Elemental MediaPackage VOD","","",""
"P2","queued","mediapackagev2","AWS Elemental MediaPackage V2","","",""
"P2","validated","medical-imaging","AWS HealthImaging","2026-09-08","Existing live-validation registry and regression coverage: medical-imaging:GetImageFrame; medical-imaging:GetImageSetMetadata.","Reconciled from tested evidence already documented in HackTricks: aws-services/aws-healthimaging-enum.md. No infrastructure was created by this tracker reconciliation."
"P2","queued","mgh","AWS Migration Hub","","",""
"P2","queued","migrationhub-orchestrator","AWS Migration Hub Orchestrator","","",""
"P2","queued","migrationhub-strategy","AWS Migration Hub Strategy Recommendations","","",""
"P2","queued","mobiletargeting","Amazon Pinpoint","","",""
"P2","queued","monitron","Amazon Monitron","","",""
"P2","queued","mpa","Multi-party approval","","",""
"P2","queued","mq","Amazon MQ","","",""
"P2","queued","nimble","Amazon Nimble Studio","","",""
"P2","queued","notifications","AWS User Notifications","","",""
"P2","queued","notifications-contacts","AWS User Notifications Contacts","","",""
"P2","queued","nova-act","Amazon Nova Act","","",""
"P2","queued","observabilityadmin","Amazon CloudWatch Observability Admin Service","","",""
"P2","validated","omics","AWS HealthOmics","2026-09-08","Existing live-validation registry and regression coverage: omics:GetReadSet.","Reconciled from tested evidence already documented in HackTricks: aws-services/aws-healthomics-enum.md. No infrastructure was created by this tracker reconciliation."
"P2","queued","one","Amazon One Enterprise","","",""
"P2","queued","osis","Amazon OpenSearch Ingestion","","",""
"P2","queued","outposts","AWS Outposts","","",""
"P2","queued","panorama","AWS Panorama","","",""
"P2","queued","partnercentral","AWS Partner Central","","",""
"P2","queued","partnercentral-account-management","AWS Partner central account management","","",""
"P2","queued","payment-cryptography","AWS Payment Cryptography","","",""
"P2","queued","payments","AWS Payments","","",""
"P2","queued","pca-connector-scep","AWS Private CA Connector for SCEP","","",""
"P2","queued","pcs","AWS Parallel Computing Service","","",""
"P2","queued","personalize","Amazon Personalize","","",""
"P2","queued","pi","AWS Performance Insights","","",""
"P2","queued","pricing","AWS Price List","","",""
"P2","queued","pricingplanmanager","AWS PricingPlanManager Service","","",""
"P2","validated","profile","Amazon Connect Customer Profiles","2026-09-08","Existing live-validation registry and regression coverage: profile:SearchProfiles.","Reconciled from tested evidence already documented in HackTricks: aws-services/aws-connect-customer-profiles-enum.md. No infrastructure was created by this tracker reconciliation."
"P2","queued","purchase-orders","AWS Purchase Orders Console","","",""
"P2","queued","q","Amazon Q","","",""
"P2","queued","qdeveloper","Amazon Q Developer","","",""
"P2","queued","qldb","Amazon QLDB","","",""
"P2","queued","rbin","AWS Recycle Bin","","",""
"P2","queued","refactor-spaces","AWS Migration Hub Refactor Spaces","","",""
"P2","queued","rekognition","Amazon Rekognition","","",""
"P2","queued","repostspace","AWS rePost Private","","",""
"P2","queued","researchstudio","Amazon Bio Discovery","","",""
"P2","queued","resiliencehub","AWS Resilience Hub","","",""
"P2","queued","resource-explorer","Tag Editor","","",""
"P2","queued","rhelkb","Amazon RHEL Knowledgebase Portal","","",""
"P2","queued","robomaker","AWS RoboMaker","","",""
"P2","queued","route53-recovery-cluster","Amazon Route 53 Recovery Cluster","","",""
"P2","queued","route53-recovery-control-config","Amazon Route 53 Recovery Controls","","",""
"P2","queued","route53-recovery-readiness","Amazon Route 53 Recovery Readiness","","",""
"P2","queued","route53globalresolver","AWS Route53 Global Resolver","","",""
"P2","queued","route53profiles","Amazon Route 53 Profiles","","",""
"P2","queued","route53resolver","Amazon Route 53 Resolver","","",""
"P2","queued","rtbfabric","AWS RTB Fabric","","",""
"P2","queued","s3-outposts","Amazon S3 on Outposts","","",""
"P2","validated","s3express","Amazon S3 Express","2026-09-08","Existing live-validation registry and regression coverage: s3express:CreateSession.","Reconciled from tested evidence already documented in HackTricks: aws-services/aws-s3-athena-and-glacier-enum.md. No infrastructure was created by this tracker reconciliation."
"P2","queued","s3files","Amazon S3 Files","","",""
"P2","queued","s3tables","Amazon S3 Tables","","",""
"P2","validated","s3vectors","Amazon S3 Vectors","2026-09-08","Existing live-validation registry and regression coverage: s3vectors:GetVectors; s3vectors:ListVectors; s3vectors:QueryVectors.","Reconciled from tested evidence already documented in HackTricks: aws-services/aws-bedrock-enum.md. No infrastructure was created by this tracker reconciliation."
"P2","queued","sagemaker-mlflow","Amazon SageMaker with MLflow","","",""
"P2","queued","sagemaker-unified-studio-mcp","Amazon SageMaker Unified Studio MCP","","",""
"P2","queued","savingsplans","AWS Savings Plans","","",""
"P2","queued","schemas","Amazon EventBridge Schemas","","",""
"P2","queued","scn","AWS Supply Chain","","",""
"P2","validated","sdb","Amazon SimpleDB","2026-09-08","Concurrent live-validation registry and regression coverage: GetAttributes and Select disclosed stored SimpleDB attribute data.","Reconciled from tested evidence already documented in HackTricks: aws-services/aws-simpledb-enum.md. No infrastructure was created by this tracker reconciliation."
"P2","queued","servicediscovery","AWS Cloud Map","","",""
"P2","queued","serviceextract","AWS Microservice Extractor for .NET","","",""
"P2","queued","servicequotas","Service Quotas","","",""
"P2","queued","signin","AWS Signin","","",""
"P2","queued","simspaceweaver","AWS SimSpace Weaver","","",""
"P2","queued","sms","AWS Server Migration Service","","",""
"P2","queued","snow-device-management","AWS Snow Device Management","","",""
"P2","queued","sqlworkbench","AWS SQL Workbench","","",""
"P2","queued","ssm-contacts","AWS Systems Manager Incident Manager Contacts","","",""
"P2","queued","ssm-guiconnect","AWS Systems Manager GUI Connect","","",""
"P2","queued","ssm-incidents","AWS Systems Manager Incident Manager","","",""
"P2","queued","ssm-quicksetup","AWS Systems Manager Quick Setup","","",""
"P2","queued","ssm-sap","AWS Systems Manager for SAP","","",""
"P2","queued","support-console","AWS Support Console","","",""
"P2","queued","supportapp","AWS Support App in Slack","","",""
"P2","queued","supportauthz","AWS Support Authorization","","",""
"P2","queued","supportplans","AWS Support Plans","","",""
"P2","queued","sustainability","AWS Sustainability","","",""
"P2","validated","tax","AWS Tax Settings","2026-09-08","Existing live-validation registry and regression coverage: tax:GetTaxRegistration; tax:ListTaxRegistrations.","Reconciled from tested evidence already documented in HackTricks: aws-services/aws-tax-settings-enum.md. No infrastructure was created by this tracker reconciliation."
"P2","queued","textract","Amazon Textract","","",""
"P2","queued","tiros","AWS Tiros","","",""
"P2","queued","transform","AWS Transform","","",""
"P2","queued","transform-custom","AWS Transform custom","","",""
"P2","queued","ts","AWS Diagnostic tools","","",""
"P2","queued","user-subscriptions","AWS User Subscriptions","","",""
"P2","queued","uxc","AWS User Experience Customization","","",""
"P2","queued","vendor-insights","AWS Marketplace Vendor Insights","","",""
"P2","queued","verified-access","AWS Verified Access","","",""
"P2","queued","voiceid","Amazon Connect Voice ID","","",""
"P2","queued","vpc-lattice-svcs","Amazon VPC Lattice Services","","",""
"P2","queued","vpce","AWS PrivateLink","","",""
"P2","queued","waf","AWS WAF","","",""
"P2","queued","waf-regional","AWS WAF Regional","","",""
"P2","queued","wellarchitected","AWS Well-Architected Tool","","",""
"P2","validated","wisdom","Amazon Q in Connect","2026-09-08","Existing live-validation registry and regression coverage: wisdom:GetContent.","Reconciled from tested evidence already documented in HackTricks: aws-services/aws-q-in-connect-enum.md. No infrastructure was created by this tracker reconciliation."
"P2","queued","worklink","Amazon WorkLink","","",""
